epoch,iso,gpio6_p31,gpio5_p29,ch01_p13,ch02_p12,ch12_p11,gpio16_p36
1781615869,2026-06-16T13:17:49,12345,372,37,29,42,0
1781615929,2026-06-16T13:18:49,173,405,58,46,65,0
1781615989,2026-06-16T13:19:49,177,415,62,52,76,0
1781616049,2026-06-16T13:20:49,162,402,50,41,68,0
1781616109,2026-06-16T13:21:49,166,373,53,43,54,0
1781616169,2026-06-16T13:22:49,165,446,56,46,68,0
1781616229,2026-06-16T13:23:49,159,411,57,48,66,0
1781616289,2026-06-16T13:24:49,173,414,44,32,46,0
1781616349,2026-06-16T13:25:49,160,390,43,37,49,0
1781616409,2026-06-16T13:26:49,152,420,47,42,66,0
1781616469,2026-06-16T13:27:49,161,404,36,28,40,0
1781616529,2026-06-16T13:28:49,172,397,57,50,62,0
1781616589,2026-06-16T13:29:49,179,405,43,34,54,0
1781616649,2026-06-16T13:30:49,172,365,49,37,53,0
1781616709,2026-06-16T13:31:49,164,376,46,39,45,0
1781616769,2026-06-16T13:32:49,174,379,52,43,59,0
1781616829,2026-06-16T13:33:49,186,392,53,46,62,0
1781616889,2026-06-16T13:34:49,162,415,51,40,53,0
1781616949,2026-06-16T13:35:49,193,359,53,44,53,0
1781617009,2026-06-16T13:36:49,188,413,54,45,62,0
1781617069,2026-06-16T13:37:49,197,401,43,40,59,0
1781617129,2026-06-16T13:38:49,198,386,48,35,54,0
1781617190,2026-06-16T13:39:50,205,378,54,37,52,0
1781617250,2026-06-16T13:40:50,192,360,40,29,48,0
1781617310,2026-06-16T13:41:50,195,427,50,43,61,0
1781617370,2026-06-16T13:42:50,209,393,56,44,58,0
1781617430,2026-06-16T13:43:50,186,346,42,33,40,0
1781617490,2026-06-16T13:44:50,200,366,50,47,57,0
1781617550,2026-06-16T13:45:50,164,362,48,36,45,0
1781617610,2026-06-16T13:46:50,189,384,44,36,50,0
1781617670,2026-06-16T13:47:50,209,405,58,47,56,0
1781617730,2026-06-16T13:48:50,215,376,44,38,53,0
1781617790,2026-06-16T13:49:50,203,402,55,45,54,0
1781617850,2026-06-16T13:50:50,169,379,38,31,47,0
1781617910,2026-06-16T13:51:50,201,356,47,41,50,0
1781617970,2026-06-16T13:52:50,212,370,30,22,37,0
1781618030,2026-06-16T13:53:50,181,344,43,35,46,0
1781618090,2026-06-16T13:54:50,190,363,47,36,46,0
1781618150,2026-06-16T13:55:50,210,362,46,39,55,0
1781618210,2026-06-16T13:56:50,212,385,47,39,53,0
1781618270,2026-06-16T13:57:50,214,379,51,45,50,0
1781618330,2026-06-16T13:58:50,185,345,49,45,54,0
1781618390,2026-06-16T13:59:50,227,368,57,45,49,0
1781618450,2026-06-16T14:00:50,206,380,48,34,45,0
1781618510,2026-06-16T14:01:50,223,366,53,44,66,0
1781618570,2026-06-16T14:02:50,236,354,54,41,56,0
1781618630,2026-06-16T14:03:50,206,341,44,38,46,0
1781618690,2026-06-16T14:04:50,197,382,48,36,50,0
1781618750,2026-06-16T14:05:50,234,368,47,36,50,0
1781618810,2026-06-16T14:06:50,223,376,53,47,64,0
1781618870,2026-06-16T14:07:50,220,394,43,34,43,0
1781618930,2026-06-16T14:08:50,243,380,59,49,58,0
1781618990,2026-06-16T14:09:50,209,347,43,37,54,0
1781619050,2026-06-16T14:10:50,203,356,40,34,49,0
1781619110,2026-06-16T14:11:50,226,384,52,41,52,0
1781619170,2026-06-16T14:12:50,235,339,43,36,47,0
1781619230,2026-06-16T14:13:50,227,364,44,35,45,0
1781619291,2026-06-16T14:14:51,230,352,48,36,47,0
1781619351,2026-06-16T14:15:51,235,377,54,48,65,0
1781619411,2026-06-16T14:16:51,217,384,56,44,54,0
1781619471,2026-06-16T14:17:51,206,351,42,29,47,0
1781619531,2026-06-16T14:18:51,202,372,48,39,49,0
1781619591,2026-06-16T14:19:51,236,363,51,44,58,0
1781619651,2026-06-16T14:20:51,218,381,49,37,51,0
1781619711,2026-06-16T14:21:51,225,397,54,41,53,0
1781619771,2026-06-16T14:22:51,220,388,58,46,59,0
1781619831,2026-06-16T14:23:51,218,365,56,33,57,0
1781619891,2026-06-16T14:24:51,244,392,53,52,66,0
1781619951,2026-06-16T14:25:51,239,349,53,40,52,0
1781620011,2026-06-16T14:26:51,227,358,54,43,59,0
1781620071,2026-06-16T14:27:51,214,380,58,48,59,0
1781620131,2026-06-16T14:28:51,208,330,56,43,56,0
1781620191,2026-06-16T14:29:51,227,389,38,25,35,0
1781620251,2026-06-16T14:30:51,245,366,59,50,64,0
1781620311,2026-06-16T14:31:51,239,360,48,36,46,0
1781620371,2026-06-16T14:32:51,206,372,49,42,56,0
1781620431,2026-06-16T14:33:51,212,362,43,36,45,0
1781620491,2026-06-16T14:34:51,222,396,58,41,49,0
1781620551,2026-06-16T14:35:51,214,362,53,42,52,0
1781620611,2026-06-16T14:36:51,224,383,67,56,66,0
1781620671,2026-06-16T14:37:51,238,374,60,51,62,0
1781620731,2026-06-16T14:38:51,198,368,50,42,53,0
1781620791,2026-06-16T14:39:51,215,392,48,32,38,0
1781620851,2026-06-16T14:40:51,247,379,52,47,57,0
1781620911,2026-06-16T14:41:51,237,380,63,48,62,0
1781620971,2026-06-16T14:42:51,206,398,53,48,59,0
1781621031,2026-06-16T14:43:51,216,380,49,38,48,0
1781621091,2026-06-16T14:44:51,206,368,38,24,38,0
1781621151,2026-06-16T14:45:51,210,356,45,30,45,0
1781621211,2026-06-16T14:46:51,250,389,61,48,62,0
1781621271,2026-06-16T14:47:51,235,352,50,43,55,0
1781621332,2026-06-16T14:48:52,214,373,46,38,51,0
1781621392,2026-06-16T14:49:52,230,376,48,34,43,0
1781621452,2026-06-16T14:50:52,220,374,56,44,60,0
1781621512,2026-06-16T14:51:52,226,380,55,41,53,0
1781621572,2026-06-16T14:52:52,216,398,50,42,53,0
1781621632,2026-06-16T14:53:52,218,367,54,42,54,0
1781621692,2026-06-16T14:54:52,199,334,39,29,36,0
1781621752,2026-06-16T14:55:52,196,350,46,35,45,0
1781621812,2026-06-16T14:56:52,214,325,44,37,46,0
1781621872,2026-06-16T14:57:52,210,298,54,43,49,0
1781621932,2026-06-16T14:58:52,204,320,45,36,56,0
1781621992,2026-06-16T14:59:52,205,294,46,38,51,0
1781622052,2026-06-16T15:00:52,219,322,45,40,54,0
1781622112,2026-06-16T15:01:52,197,353,37,35,44,0
1781622172,2026-06-16T15:02:52,215,374,32,28,39,0
1781622232,2026-06-16T15:03:52,214,353,56,43,55,0
1781622292,2026-06-16T15:04:52,214,346,48,35,46,0
1781622352,2026-06-16T15:05:52,230,340,50,37,50,0
1781622412,2026-06-16T15:06:52,214,353,45,40,52,0
1781622472,2026-06-16T15:07:52,198,349,45,34,45,0
1781622532,2026-06-16T15:08:52,221,358,52,41,54,0
1781622592,2026-06-16T15:09:52,213,348,58,50,69,0
1781622652,2026-06-16T15:10:52,201,329,42,28,40,0
1781622712,2026-06-16T15:11:52,211,285,36,25,38,0
1781622772,2026-06-16T15:12:52,221,354,58,45,55,0
1781622832,2026-06-16T15:13:52,208,334,52,41,51,0
1781622892,2026-06-16T15:14:52,213,302,55,45,53,0
1781622952,2026-06-16T15:15:52,196,352,47,40,54,0
1781623012,2026-06-16T15:16:52,189,305,33,23,34,0
1781623072,2026-06-16T15:17:52,229,330,55,40,49,0
1781623132,2026-06-16T15:18:52,223,321,56,44,54,0
